x,y
-19.262936512427274,36002.131
-16.077915334190966,37002.131
-13.110628995180043,38002.131
-15.797299253780468,39002.131
-16.19172445351597,40002.131
-22.06651057572801,41002.131
-18.613331119264203,42002.131
-16.702288430903096,43002.131
-21.013248306275617,44002.131
-19.13962744871846,45002.131
-20.848022597423604,46002.131
-15.85138648545557,47002.131
-19.78479862236107,48002.131
-17.40055331221252,49002.131
-20.804294247111788,50002.131
-41.273269988708556,51002.131
-15.351444582798557,52002.131
-14.226210052487346,53002.131
-17.260203747405953,54002.131
-21.4124947089994,55002.131
-20.798480398408742,56002.131
-21.694600941928712,57002.131
-23.989591790056004,58002.131
-21.85063908384111,59002.131
-22.20207149568018,60002.131
-22.876560155673932,61002.131
-21.082030026234698,62002.131
-24.86288181115263,63002.131
-20.445416285544052,64002.131
-21.82116761098881,65002.131
-41.36583807234997,66002.131
-17.621468817427,67002.131
-16.98800392958404,68002.131
-18.994402942571817,69002.131
-26.145548165851924,70002.131
-31.659523405651292,71002.131
-14.730064139822021,72002.131
-17.35547243437694,73002.131
-19.130029779633567,74002.131
-15.061430112955076,75002.131
-17.985792442242698,76002.131
-16.186596505140287,77002.131
-19.847081934143002,78002.131
-15.055427424645632,79002.131
-14.241222199522088,80002.131
-13.735800768487962,81002.131
-19.378145429631736,82002.131
-16.32091706288761,83002.131
-17.59731337296975,84002.131
-18.10857820591145,85002.131
-14.369190888280631,86002.131
-17.046292400039274,87002.131
-15.797299253780468,88002.131
-17.33399444523397,89002.131
-15.92568881741009,90002.131
-12.284192657728175,91002.131
-19.248338375145558,92002.131
-20.362111078842755,93002.131
-16.95060499284713,94002.131
-20.708859840051343,95002.131
-20.22774104562052,96002.131
-19.98622716485287,97002.131
-20.54644877424519,98002.131
-23.918549717885277,99002.131
-20.65152702701928,100002.131
-21.37204449607818,101002.131
-21.860485171770264,102002.131
-20.208713897512215,103002.131
-21.592111379505532,104002.131
-19.267808015436668,105002.131
-21.72364537053099,106002.131
-22.09345403165016,107002.131
-23.6440847199551,108002.131
-40.9125583796311,109002.131
-19.015677414152567,110002.131
-19.452490160010758,111002.131
-16.57269960904802,112002.131
-18.895805298763676,113002.131
-19.978291221278365,114002.131
-16.859652437832715,115002.131
-18.28083748850068,116002.131
-25.12668181549303,117002.131
-41.490817057890006,118002.131
-36.63005608416411,119002.131
-31.64938226073039,120002.131
-13.891838910400358,121002.131
-12.890391532220441,122002.131
-16.77695530755399,123002.131
-12.89273022088241,124002.131
-17.954317991914,125002.131
-13.563544649148351,126002.131
-14.30841151431167,127002.131
-13.548397039487954,128002.131
-16.85780614392884,129002.131
-26.598155602106853,130002.131
-15.003080105233224,131002.131
-17.231247537774806,132002.131
-19.792559656061105,133002.131
-19.766716466398254,134002.131
-18.35509498068411,135002.131
-17.929220291895685,136002.131
-21.06103874121523,137002.131
-18.24394545956142,138002.131
-15.393454341399178,139002.131
-16.42567278053039,140002.131
-16.357438026172094,141002.131
-22.954427777454825,142002.131
-29.049842017504155,143002.131
-21.02815459041814,144002.131
-14.054741363886983,145002.131
-15.274181222976345,146002.131
-17.90003100496018,147002.131
-18.110710497474404,148002.131
-16.870738450362616,149002.131
-18.042735470085162,150002.131
-17.8171695166574,151002.131
-15.66595033789008,152002.131
-16.508623083420453,153002.131
-19.228912278956297,154002.131
-21.739823228882752,155002.131
-22.026251455504827,156002.131
-22.171385298211863,157002.131
-14.287788102237247,158002.131
-12.843749510419823,159002.131
-15.590636368568415,160002.131
-18.443277358785213,161002.131
-14.847904831909107,162002.131
-12.964364408816476,163002.131
-17.804808191556734,164002.131
-13.577453202381378,165002.131
-18.608813101145138,166002.131
-15.703045457251363,167002.131
-16.294924356293972,168002.131
-14.94660081549841,169002.131
-13.80956947672049,170002.131
-14.912593543922515,171002.131
-15.693353185866572,172002.131
-15.145906259846559,173002.131
-17.165968661175025,174002.131
-21.166506173126184,175002.131
-22.462095591970275,176002.131
-16.46793139851274,177002.131
-14.828884094030169,178002.131
-13.256959312429661,179002.131
-15.624206610485256,180002.131
-13.889215170873365,181002.131
-16.99925508353814,182002.131
-16.258664750431343,183002.131
-20.348304225453816,184002.131
-21.49396468961065,185002.131
-20.859720767054565,186002.131
-16.765988273725704,187002.131
-15.625808434305021,188002.131
-15.884331298848807,189002.131
-14.253524193354842,190002.131
-14.359492948447672,191002.131
-13.56986395800335,192002.131
-15.401256272794182,193002.131
-18.82374210505382,194002.131
-34.559789208826054,195002.131
-16.39236324266051,196002.131
-14.968851420198275,197002.131
-17.108774273407743,198002.131
-15.471790817889087,199002.131
-21.199919323621792,200002.131
-15.056927707858287,201002.131
-20.108828440389665,202002.131
-20.127637798851126,203002.131
-15.554017221363212,204002.131
-15.365425271991066,205002.131
-16.538822546063933,206002.131
-11.927436851672882,207002.131
-17.11828055611003,208002.131
-14.818659384623366,209002.131
-19.849686789354628,210002.131
-16.982383813154986,211002.131
-12.322439701641276,212002.131
-17.29507910398214,213002.131
-15.927347221164638,214002.131
-14.801159265262118,215002.131
-21.550817988404386,216002.131
-16.09480738470761,217002.131
-17.90003100496018,218002.131
-21.30093697608703,219002.131
-16.115121304638517,220002.131
-18.731632125873784,221002.131
-16.196855431102257,222002.131
-17.481499795351844,223002.131
-21.42810278083283,224002.131
-17.99630932164604,225002.131
-18.14061767284865,226002.131
-14.459764072255343,227002.131
-22.076604579929754,228002.131
-21.03412427425317,229002.131
-15.363870750351472,230002.131
-16.074540862649663,231002.131
-18.86551242693317,232002.131
-15.191501585744529,233002.131
-20.04997709974454,234002.131
-16.843049904001642,235002.131
-15.212861592105892,236002.131
-16.62646018693285,237002.131
-15.65629934841044,238002.131
-20.625850211886743,239002.131
-17.065178882014212,240002.131
-15.1777978390607,241002.131
-19.380613362490525,242002.131
-20.370405737730056,243002.131
-19.469929210029633,244002.131
-13.222877863172744,245002.131
-17.129701845905657,246002.131
-18.766059002643857,247002.131
-19.15404386636499,248002.131
-11.966243644065472,249002.131
-22.002852854683006,250002.131
-16.637252347739015,251002.131
-18.791392385581435,252002.131
-22.91726088446747,253002.131
-21.63360202069704,254002.131
-16.624662796416747,255002.131
-16.773298090810247,256002.131
-15.312726993335602,257002.131
-17.619453295979724,258002.131
-17.90003100496018,259002.131
-18.80755218491811,260002.131
-19.74352315585348,261002.131
-15.930664978897134,262002.131
-18.651829454704373,263002.131
-19.58793559601026,264002.131
-21.8440812204582,265002.131
-16.976767330813757,266002.131
-14.980741756946367,267002.131
-20.434262653657562,268002.131
-18.733923010665663,269002.131
-18.01949137738645,270002.131
-14.538560954744899,271002.131
-19.774461352901646,272002.131
-12.798513420208184,273002.131
-16.455584716066976,274002.131
-20.208713897512215,275002.131
-41.490817057890006,276002.131
-10.798524439987728,277002.131
-14.028044279282367,278002.131
-18.645023219821905,279002.131
-17.31646096238377,280002.131
-20.535164732855545,281002.131
-17.745308537726107,282002.131
-25.917308174909262,283002.131
-41.3969146337224,284002.131
-17.93757813679176,285002.131
-17.477533635630852,286002.131
-15.667559879197023,287002.131
-21.233461505385517,288002.131
-17.625501263942354,289002.131
-20.688750280062898,290002.131
-21.765770640675047,291002.131
-20.608774407622896,292002.131
-18.025824509010853,293002.131
-15.159559743880997,294002.131
-15.076455007962704,295002.131
-17.93548792149156,296002.131
-12.815884047232336,297002.131
-14.630927113739657,298002.131
-23.668313158643993,299002.131
-19.839272052329797,300002.131
-14.689698107028018,301002.131
-13.97621980122513,302002.131
-20.170784188163996,303002.131
-19.615787182625468,304002.131
-20.591732107247665,305002.131
-19.12763201850362,306002.131
-16.786105092070233,307002.131
-19.537524023057244,308002.131
-18.144898545107832,309002.131
-16.455584716066976,310002.131
-14.830345749841452,311002.131
-17.543207990909217,312002.131
-19.5249667133118,313002.131
-17.18703465893772,314002.131
-23.660229500882252,315002.131
-41.21210149902416,316002.131
-27.117654834521954,317002.131
-11.44702623908465,318002.131
-15.737053831525724,319002.131
-13.13705179930051,320002.131
-13.919436131951905,321002.131
-18.909822337262476,322002.131
-18.185672407041945,323002.131
-17.72080671713998,324002.131
-21.35343851330193,325002.131
-18.465463551277022,326002.131
-18.256948290789225,327002.131
-19.901948617527996,328002.131
-18.570504536297953,329002.131
-17.19278880928931,330002.131
-17.90003100496018,331002.131
-23.18465601479965,332002.131
-38.48770655866437,333002.131
-12.730524019843015,334002.131
-14.136677990654519,335002.131
-17.388770507369575,336002.131
-17.86679149196997,337002.131
-16.98425678127827,338002.131
-18.3266273980871,339002.131
-16.57984848981212,340002.131
-23.135076707718145,341002.131
-20.07935292667433,342002.131
-17.873014219141005,343002.131
-18.061799739838868,344002.131
-18.786780816777565,345002.131
-19.79773753379302,346002.131
-24.336303036705647,347002.131
-36.55841947490166,348002.131
-19.19502080481633,349002.131
-12.197398134489507,350002.131
-12.12751067117627,351002.131
-17.67809414250817,352002.131
-14.719955031113122,353002.131
-13.389683468284684,354002.131
-19.115653131433206,355002.131
-21.646408347584646,356002.131
-16.780614064827155,357002.131
-18.306973585366542,358002.131
-15.704661887820478,359002.131
-17.808926678897087,360002.131
-17.941760076996793,361002.131
-17.33399444523397,362002.131
-14.593862699941496,363002.131
-15.33593683070901,364002.131
-18.43441872503614,365002.131
-34.83326979957049,366002.131
-34.475185718792,367002.131
-14.066781875132364,368002.131
-15.592232012852882,369002.131
-15.943948697239346,370002.131
-15.876083373399432,371002.131
-13.563544649148351,372002.131
-15.308092458959006,373002.131
-17.5752297401287,374002.131
-15.771195884357924,375002.131
-15.237337521336226,376002.131
-16.09311670058781,377002.131
-16.74956364297956,378002.131
-14.04939537840475,379002.131
-18.604297431878848,380002.131
-20.1249482525723,381002.131
-17.657828408540922,382002.131
-17.808926678897087,383002.131
-36.34698778672656,384002.131
-12.589342472094895,385002.131
-15.020992240066594,386002.131
-12.775406490810347,387002.131
-20.662963354725502,388002.131
-12.298379050139241,389002.131
-18.919179612218695,390002.131
-16.003978121617372,391002.131
-13.827784350821295,392002.131
-18.002625566964777,393002.131
-18.7453865066388,394002.131
-20.20328521631171,395002.131
-19.973004617561866,396002.131
-20.205999132796236,397002.131
-18.79831433279707,398002.131
-16.99925508353814,399002.131
-14.925884884906381,400002.131
-14.525848860965564,401002.131
-19.849686789354628,402002.131
-16.089736319288843,403002.131
-17.78013819256846,404002.131
-19.83667031810694,405002.131
-19.447513998523714,406002.131
-23.7414066304196,407002.131
-16.567341807106942,408002.131
-21.516030107924884,409002.131
-19.250769694864182,410002.131
-17.70247560311542,411002.131
-18.64956011709824,412002.131
-13.323067882499826,413002.131
-15.748419610783987,414002.131
-21.35963608019924,415002.131
-12.677882103328123,416002.131
-18.7453865066388,417002.131
-17.31840738023798,418002.131
-20.434262653657562,419002.131
-22.90243854360415,420002.131
-19.156448930657824,421002.131
-12.730524019843015,422002.131
-14.698332192866271,423002.131
-16.145681542083558,424002.131
-18.733923010665663,425002.131
-13.586315709886861,426002.131
-16.13718179618748,427002.131
-14.139377567875338,428002.131
-15.584256721099782,429002.131
-16.542382336949032,430002.131
-18.839962258484654,431002.131
-20.648670296311714,432002.131
-15.579475058640423,433002.131
-13.052065499535583,434002.131
-18.98968235026102,435002.131
-17.291197142068107,436002.131
-18.100054270351933,437002.131
-17.5752297401287,438002.131
-20.683013232537242,439002.131
-19.45497931023214,440002.131
-20.138404319768625,441002.131
-18.94966056273127,442002.131
-16.142280645549086,443002.131
-20.617308113537497,444002.131
-32.12858161497124,445002.131
-27.990135160413253,446002.131
-13.33044443465279,447002.131
-17.30090530183372,448002.131
-18.638222314107317,449002.131
-20.40088743627049,450002.131
-15.401256272794182,451002.131
-14.329084010316729,452002.131
-18.679107853376372,453002.131
-16.742273764550756,454002.131
-14.525848860965564,455002.131
-18.590764492805675,456002.131
-13.138254747801577,457002.131
-12.745459089364232,458002.131
-16.253497141173476,459002.131
-18.44106185319022,460002.131
-19.12763201850362,461002.131
-16.931965737543983,462002.131
-17.579240772127047,463002.131
-20.268654402651407,464002.131
-20.241357429719706,465002.131
-21.001341670225994,466002.131
-21.79831428922909,467002.131
-18.166334611363023,468002.131
-18.570504536297953,469002.131
-23.504083467835724,470002.131
-37.65985285549987,471002.131
-16.911508649398307,472002.131
-16.61388625702188,473002.131
-15.6546918921945,474002.131
-20.786864362390528,475002.131
-15.60820459851994,476002.131
-19.098910395293224,477002.131
-15.624206610485256,478002.131
-19.343667795779453,479002.131
-17.25827032733385,480002.131
-21.01920775051493,481002.131
-18.59978410902434,482002.131
-21.175606110719208,483002.131
-20.18701950062555,484002.131
-24.844342018333446,485002.131
-25.07898323522875,486002.131
-19.346125950497445,487002.131
-20.34554548646348,488002.131
-20.654384697595496,489002.131
-16.828318690569258,490002.131
-20.271388824093183,491002.131
-17.08789700212678,492002.131
-17.380924174732968,493002.131
-19.338753572373648,494002.131
-14.037378927830517,495002.131
-20.238632444712863,496002.131
-22.25345730698741,497002.131
-24.388865312920913,498002.131
-21.899981517072995,499002.131
-21.847359533249737,500002.131
-25.150629692913185,501002.131
-17.731007410782222,502002.131
-16.98987811011522,503002.131
-17.810986655104553,504002.131
-18.43220547756893,505002.131
-21.840804144532488,506002.131
-27.3864379856296,507002.131
-32.52296464906815,508002.131
-15.284956807427292,509002.131
-14.482204619891569,510002.131
-18.381455819242372,511002.131
-17.545205895377617,512002.131
-17.821293870789056,513002.131
-17.281499820933494,514002.131
-14.143428507539,515002.131
-17.987894799662637,516002.131
-25.14104261728418,517002.131
-15.249601398612674,518002.131
-12.369660660531263,519002.131
-16.3365501051524,520002.131
-16.42742945757917,521002.131
-19.053627838863974,522002.131
-21.601668566941132,523002.131
-16.200277767489347,524002.131
-17.106874264729473,525002.131
-20.0900597257349,526002.131
-33.09026628519248,527002.131
-15.637029479967573,528002.131
-14.205780667205676,529002.131
-16.497989468987186,530002.131
-19.412760464038833,531002.131
-17.139231073014017,532002.131
-39.91243882367998,533002.131
-26.028025110955525,534002.131
-11.953638650239231,535002.131
-14.193546060480973,536002.131
-15.339036166919618,537002.131
-18.153466624360494,538002.131
-17.88755127632184,539002.131
-15.792398892782751,540002.131
-21.199919323621792,541002.131
-38.13847802765047,542002.131
-13.155113543463363,543002.131
-12.625557308716102,544002.131
-18.784475950202257,545002.131
-17.029329607029023,546002.131
-21.37204449607818,547002.131
-15.31581805729636,548002.131
-20.677279971841912,549002.131
-18.518942773919083,550002.131
-29.15567662099777,551002.131
-18.51670788656903,552002.131
-18.877151031968214,553002.131
-19.082199870016332,554002.131
-14.659546215868634,555002.131
-17.868865239058263,556002.131
-17.870939481369746,557002.131
-20.055310774851087,558002.131
-22.063148512733424,559002.131
-19.51994886820514,560002.131
-16.3365501051524,561002.131
-14.186756495812533,562002.131
-17.390733198517474,563002.131
-13.525725040901355,564002.131
-19.45000172291078,565002.131
-34.19898153602635,566002.131
-14.86843539269726,567002.131
-14.632355831505537,568002.131
-12.44153209427386,569002.131
-19.512427531636394,570002.131
-13.341521022302324,571002.131
-18.814487027312893,572002.131
-15.539729909955309,573002.131
-18.727052168141483,574002.131
-19.25806774008115,575002.131
-15.833319959887769,576002.131
-14.82742268414398,577002.131
-14.90374393578249,578002.131
-18.521178236455697,579002.131
-14.94215752630369,580002.131
-15.142875064688221,581002.131
-16.601330503164608,582002.131
-12.589342472094895,583002.131
-19.07028343291873,584002.131
-20.74055494439275,585002.131
-13.978869958267218,586002.131
-17.59329398852132,587002.131
-15.904158333453218,588002.131
-14.756113145264658,589002.131
-16.37313699755947,590002.131
-21.279410596697122,591002.131
-19.294650229808703,592002.131
-14.422026621272703,593002.131
-17.769879670485413,594002.131
-19.125234919098844,595002.131
-20.173487967061487,596002.131
-19.241048496716754,597002.131
-16.49621846487501,598002.131
-17.559204108944144,599002.131
-17.37308492362497,600002.131
-19.1588546610812,601002.131
-18.79831433279707,602002.131
-15.6643410947844,603002.131
-22.002852854683006,604002.131
-42.07660457992975,605002.131
-15.288038002790596,606002.131
-15.995615851174552,607002.131
-14.871372295392382,608002.131
-18.43441872503614,609002.131
-15.800567697709184,610002.131
-14.83619483399384,611002.131
-13.097447674306046,612002.131
-21.697823308739203,613002.131
-16.513944776411225,614002.131
-18.828373344639978,615002.131
-20.611618044786304,616002.131
-17.223542157240146,617002.131
-16.87628676715176,618002.131
-18.891137974826513,619002.131
-12.804299770191058,620002.131
-18.89813990155641,621002.131
-16.371391265539113,622002.131
-24.965564131134084,623002.131
-28.287811601032043,624002.131
-13.343984405653508,625002.131
-16.67151625662142,626002.131
-18.620112555890834,627002.131
-27.683042767241894,628002.131
-14.3733504651682,629002.131
-18.559269390975075,630002.131
-18.856212758338092,631002.131
-15.678835027273848,632002.131
-17.796577070696205,633002.131
-15.426269651169411,634002.131
-15.790766053293394,635002.131
-16.00899935095351,636002.131
-12.721345955707505,637002.131
-19.728095283878975,638002.131
-24.895421976300227,639002.131
-29.885212717795593,640002.131
-12.71676055787734,641002.131
-14.608099532563477,642002.131
-17.57723502459751,643002.131
-14.258997343906488,644002.131
-13.463056012633052,645002.131
-19.09413267810012,646002.131
-32.29073734444098,647002.131
-26.479978409896447,648002.131
-13.559755269474465,649002.131
-11.79038674182493,650002.131
-17.353517693817754,651002.131
-15.360762541465892,652002.131
-21.396914633722407,653002.131
-16.33481171034262,654002.131
-16.10326574513654,655002.131
-17.156410071415316,656002.131
-17.767829419174564,657002.131
-18.14918152825086,658002.131
-16.6968501193586,659002.131
-18.038504642121307,660002.131
-26.810366828625504,661002.131
-36.522821516721955,662002.131
-13.180463249789469,663002.131
-14.403915047576701,664002.131
-16.115121304638517,665002.131
-15.712748555975644,666002.131
-16.56377177432423,667002.131
-15.001589093361387,668002.131
-15.074951348366103,669002.131
-17.281499820933494,670002.131
-14.530084158719403,671002.131
-16.483831536532133,672002.131
-19.58540805644985,673002.131
-17.883395348186063,674002.131
-16.592373206673084,675002.131
-17.96270003322848,676002.131
-15.15804162980948,677002.131
-20.720371955239628,678002.131
-20.476162829642632,679002.131
-17.225467861635146,680002.131
-15.73380919583687,681002.131
-19.11804758758567,682002.131
-18.82374210505382,683002.131
-20.254995192983102,684002.131
-16.179763946567263,685002.131
-20.22774104562052,686002.131
-18.053321564799646,687002.131
-14.248054489371784,688002.131
-14.416449805904197,689002.131
-14.530084158719403,690002.131
-13.904969509481553,691002.131
-14.246687601393816,692002.131
-17.72692569565163,693002.131
-19.941352388287477,694002.131
-14.452763274231419,695002.131
-18.07878095666123,696002.131
-16.99362768480676,697002.131
-16.581636629733634,698002.131
-17.072744988449134,699002.131
-16.72589387352728,700002.131
-17.20238753900754,701002.131
-19.67686606053991,702002.131
-16.22770511102301,703002.131
-13.395877499523472,704002.131
-16.82463978766036,705002.131
-14.689698107028018,706002.131
-12.724786593359173,707002.131
-15.284956807427292,708002.131
-14.175904219357145,709002.131
-13.532016884449249,710002.131
-14.139377567875338,711002.131
-15.467070653129468,712002.131
-17.477533635630852,713002.131
-13.746116553118632,714002.131
-10.965530240083565,715002.131
-23.03299978961217,716002.131
-32.433763458035486,717002.131
-33.25939882645723,718002.131
-37.80274967996088,719002.131
-41.091041844063405,720002.131
-42.009531739778,721002.131
-41.71395309914619,722002.131
-36.243171136821125,723002.131
-31.23380486452978,724002.131
-27.549264044723728,725002.131
-25.208375432283326,726002.131
-22.71201512393776,727002.131
-20.891972208672005,728002.131
-18.49884945902269,729002.131
-20.170784188163996,730002.131
-19.319124434894096,731002.131
-17.617438242116595,732002.131
-16.077915334190966,733002.131
-14.636643395379384,734002.131
-14.699772041960005,735002.131
-18.377056786665154,736002.131
-15.11715252627486,737002.131
-11.120538260332253,738002.131
-10.981470237415898,739002.131
-12.174757560335077,740002.131
-11.237670414054225,741002.131
-10.846441627200385,742002.131
-11.170270422310434,743002.131
-15.803837371995135,744002.131
-18.6268992912053,745002.131
-20.2440832698921,746002.131
-18.132062252666124,747002.131
-14.97033682244868,748002.131
-15.844812491092128,749002.131
-18.416728515992396,750002.131
-15.145906259846559,751002.131
-18.23096206456093,752002.131
-20.54644877424519,753002.131
-17.657828408540922,754002.131
-18.211523288141642,755002.131
-15.60340973798522,756002.131
-16.48736885673499,757002.131
-15.977247145680508,758002.131
-17.645691625516296,759002.131
-17.04252002663011,760002.131
-14.701212129775303,761002.131
-13.421940772976491,762002.131
-12.6119590442744,763002.131
-13.036594293788044,764002.131
-12.18122027613774,765002.131
-10.932804420937195,766002.131
-12.35425819228581,767002.131
-12.615356615073857,768002.131
-14.482204619891569,769002.131
-12.476019821783176,770002.131
-11.092926200958962,771002.131
-12.229844528730949,772002.131
-11.294888003717134,773002.131
-11.602884893395853,774002.131
-11.720620184908503,775002.131
-12.690441393852659,776002.131
-12.84840245797347,777002.131
-11.00684698221324,778002.131
-12.273295793122372,779002.131
-11.789356692652294,780002.131
-11.687981763646535,781002.131
-11.823412977956725,782002.131
-13.327984887804114,783002.131
-13.099842790724935,784002.131
-11.313394531954346,785002.131
-16.142280645549086,786002.131
-16.0023050233481,787002.131
-15.371646142185769,788002.131
-14.596708200257877,789002.131
-13.597723665812422,790002.131
-16.159298459844884,791002.131
-13.816070404827318,792002.131
-14.487823827357849,793002.131
-14.311165006057053,794002.131
-16.064425306803653,795002.131
-13.625673020341955,796002.131
-13.332904678158283,797002.131
-14.748869470724191,798002.131
-13.697225325491472,799002.131
-12.98088873163326,800002.131
-13.806970467234294,801002.131
-13.566071821013159,802002.131
-12.600643396975634,803002.131
-12.085846524394825,804002.131
-13.58378264202462,805002.131
-11.991508642040527,806002.131
-12.329013281398575,807002.131
-12.966723102554816,808002.131
-12.839099054070978,809002.131
-14.40113200056857,810002.131
-12.223345546281799,811002.131
-11.940003851171202,812002.131
-10.530688288940624,813002.131
-11.680858428062887,814002.131
-11.474795720361431,815002.131
-13.296073995533026,816002.131
-11.832724277370563,817002.131
-12.932584575244007,818002.131
-12.609694735179705,819002.131
-11.433174720608324,820002.131
-13.851259742511344,821002.131
-12.082649852713747,822002.131
-13.559755269474465,823002.131
-12.890391532220441,824002.131
-14.189471684843104,825002.131
-13.222877863172744,826002.131
-11.519612082323754,827002.131
-11.269627009336142,828002.131
-12.564532071943898,829002.131
-12.128581614971237,830002.131
-11.867990655850882,831002.131
-11.766726460519145,832002.131
-11.785237717050238,833002.131
-12.613091420214737,834002.131
-13.260618840454331,835002.131
-10.193380700101311,836002.131
-10.646400204500356,837002.131
-11.160684404740977,838002.131
-10.548527460621164,839002.131
-11.085324502945644,840002.131
-12.105051299874336,841002.131
-11.92011448988962,842002.131
-11.120538260332253,843002.131
-11.048361198116389,844002.131
-12.308213989447863,845002.131
-11.044578968734589,846002.131
-10.422655645801623,847002.131
-11.075831726440054,848002.131
-13.783614311319832,849002.131
-12.697299577894759,850002.131
-12.219015591237959,851002.131
-11.484734947487933,852002.131
-11.056877240711817,853002.131
-10.356029601270233,854002.131
-10.927206640095925,855002.131
-13.14788433818707,856002.131
-15.84316976964268,857002.131
-13.766784949874133,858002.131
-11.773920595399616,859002.131
-13.111828289574499,860002.131
-12.917324544925881,861002.131
-12.671039227734134,862002.131
-13.16355522791353,863002.131
-12.009449250307737,864002.131
-11.398642257637565,865002.131
-12.517362656201882,866002.131
-13.885281047017449,867002.131
-12.537546762042357,868002.131
-13.919436131951905,869002.131
-12.259150276022286,870002.131
-11.169311344339155,871002.131
-11.84826532577864,872002.131
-14.756113145264658,873002.131
-13.94316088319444,874002.131
-14.513155344580849,875002.131
-13.82387794660071,876002.131
-13.304653863226568,877002.131
-12.609694735179705,878002.131
-12.616489434069669,879002.131
-11.66662925861191,880002.131
-11.98940041638987,881002.131
-12.179065503207298,882002.131
-13.762905877399659,883002.131
-12.819362345205027,884002.131
-11.829619401684932,885002.131
-12.842586662886381,886002.131
-13.465554111482042,887002.131
-14.405306905545878,888002.131
-13.529499600084996,889002.131
-14.95252873904402,890002.131
-14.539974558725246,891002.131
-12.864707431242646,892002.131
-13.475553697721669,893002.131
-12.251542990272771,894002.131
-13.046111774141007,895002.131
-15.228150963485628,896002.131
-14.298781161306998,897002.131
-13.5068768100592,898002.131
-11.78317896149709,899002.131
-10.875133920197138,900002.131
-10.970215438772097,901002.131
-10.18738304487248,902002.131
-10.881625963365892,903002.131
-10.613953136886087,904002.131
-11.192358494545921,905002.131
-10.302920703498108,906002.131
-13.275272390345807,907002.131
-11.420332345190067,908002.131
-11.422306859778715,909002.131
-11.55162276791717,910002.131
-10.740822846733574,911002.131
-11.076780537368744,912002.131
-10.876988294593177,913002.131
-11.39076836280889,914002.131
-11.56666848385328,915002.131
-12.271118059717942,916002.131
-11.516617120060396,917002.131
-10.699840853672356,918002.131
-10.571773293393463,919002.131
-10.796686739856456,920002.131
-10.928139353078093,921002.131
-26.150928091473325,922002.131
-40.28781345483932,923002.131
-41.36583807234997,924002.131
-26.38547499839489,925002.131
-15.68528454651435,926002.131
-15.821842614665826,927002.131
-15.997287661330432,928002.131
-16.551288202220245,929002.131
-20.0233577419868,930002.131
-16.724075790917176,931002.131
-16.317446871216173,932002.131
-12.54765643104562,933002.131
-13.041351730378603,934002.131
-11.70530565322196,935002.131
-12.444863637997399,936002.131
-19.93871990163661,937002.131
-39.353504591437904,938002.131
-20.084704676466597,939002.131
-18.487706558664375,940002.131
-22.843400833644438,941002.131
-26.67784322193863,942002.131
-28.696468960758242,943002.131
-23.6440847199551,944002.131
-23.35069496916053,945002.131
-26.38547499839489,946002.131
-28.050199177512752,947002.131
-27.89752007507736,948002.131
-27.306155462223188,949002.131
-19.265371922407642,950002.131
-20.22774104562052,951002.131
-22.357150018432023,952002.131
-22.836049255010003,953002.131
-26.313895154124864,954002.131
-24.46830997929963,955002.131
-24.900080538835105,956002.131
-29.624453483783345,957002.131
-23.234519947415375,958002.131
-22.81403177899228,959002.131
-24.0274388636101,960002.131
-23.688555278357782,961002.131
-27.593628407837908,962002.131
-29.943312530663736,963002.131
-22.625515923053683,964002.131
-25.438316662553117,965002.131
-24.661088604343846,966002.131
-23.897765095289625,967002.131
-28.178381622746727,968002.131
-30.855686853872136,969002.131
-22.53631931215857,970002.131
-19.30932647600058,971002.131
-24.082399653118493,972002.131
-23.35459435851359,973002.131
-20.620154546346217,974002.131
-29.968331913218748,975002.131
-21.966210504647844,976002.131
-21.25181198327731,977002.131
-23.18465601479965,978002.131
-25.463140599535738,979002.131
-24.729356361885493,980002.131
-22.391991178818735,981002.131
-21.697823308739203,982002.131
-24.74765208142111,983002.131
-23.292413227535,984002.131
-21.12718290718263,985002.131
-25.71024498103568,986002.131
-25.408621284439295,987002.131
-22.858122684012947,988002.131
-26.502364735788525,989002.131
-30.035404753370504,990002.131
-16.704101958342203,991002.131
-23.50805234596649,992002.131
-19.641184538843326,993002.131
-25.927792050217132,994002.131
-26.335856960105907,995002.131
-22.906141758172318,996002.131
-27.42997637071509,997002.131
-26.609494885229136,998002.131
-21.7755209387669,999002.131
-31.282248323276,1000002.131
-18.68138492499462,1001002.131
-24.28405692647013,1002002.131
-22.490296557126776,1003002.131
-21.8277081908446,1004002.131
-22.788415064630755,1005002.131
-31.449006831873547,1006002.131
-22.357150018432023,1007002.131
-20.8101119898866,1008002.131
-21.459403317905384,1009002.131
-30.50222160344233,1010002.131
-18.690499185681972,1011002.131
-21.736585245755577,1012002.131
-21.468815516375315,1013002.131
-25.266507649081472,1014002.131
-32.48940675940057,1015002.131
-18.994402942571817,1016002.131
-24.0274388636101,1017002.131
-30.77283195243303,1018002.131
-21.604856634379406,1019002.131
-18.867838900668264,1020002.131
-23.173189492160038,1021002.131
-22.246588275678,1022002.131
-24.193375674094714,1023002.131
-27.15382097825708,1024002.131
-22.607603172555663,1025002.131
-26.03333271248827,1026002.131
-30.317688934674713,1027002.131
-18.110710497474404,1028002.131
-20.241357429719706,1029002.131
-22.80304393484758,1030002.131
-22.869180469896055,1031002.131
-23.885318153148077,1032002.131
-25.588335756841637,1033002.131
-30.855686853872136,1034002.131
-22.94326100115174,1035002.131
-19.106081902213404,1036002.131
-23.257630975608183,1037002.131
-26.39100565100968,1038002.131
-24.557442517620245,1039002.131
-27.312304764878657,1040002.131
-29.41820349134614,1041002.131
-23.10091760459558,1042002.131
-19.008580132288483,1043002.131
-25.643998508372352,1044002.131
-27.03384821955524,1045002.131
-26.479978409896447,1046002.131
-28.85664916828962,1047002.131
-31.38978462764298,1048002.131
-21.19687644755702,1049002.131
-21.130201461387834,1050002.131
-26.839445830134462,1051002.131
-25.859871965609422,1052002.131
-25.917308174909262,1053002.131
-28.01677901455089,1054002.131
-24.06968549182703,1055002.131
-20.057978841110142,1056002.131
-22.08334043884667,1057002.131
-26.08658787403337,1058002.131
-22.58258722131343,1059002.131
-26.833622236461355,1060002.131
-27.599984712284076,1061002.131
-24.59785251903888,1062002.131
-24.848973257919603,1063002.131
-31.01438027812177,1064002.131
-23.413296246541144,1065002.131
-19.552616797728874,1066002.131
-25.098031246454767,1067002.131
-23.03299978961217,1068002.131
-24.301437401780305,1069002.131
-28.370798439033223,1070002.131
-23.397603578066516,1071002.131
-26.63221795806593,1072002.131
-29.91006506561751,1073002.131
-20.871434713048544,1074002.131
-20.100779738990816,1075002.131
-24.21057546117652,1076002.131
-22.19865655966683,1077002.131
-22.147592981450646,1078002.131
-28.75437510614651,1079002.131
-24.570891639746858,1080002.131
-28.58180208569939,1081002.131
-30.892766481744005,1082002.131
-19.592992882696404,1083002.131
-19.901948617527996,1084002.131
-25.558123936336866,1085002.131
-26.30841336811895,1086002.131
-24.481621690162704,1087002.131
-28.89346944232566,1088002.131
-25.65924137213463,1089002.131
-26.683563268005127,1090002.131
-26.655000632473506,1091002.131
-20.233185038050735,1092002.131
-20.30152441212688,1093002.131
-25.256791887846894,1094002.131
-25.433360377318458,1095002.131
-28.17158780962128,1096002.131
-26.603823393262655,1097002.131
-28.117427761106622,1098002.131
-30.08605148367841,1099002.131
-20.09273848894443,1100002.131
-19.537524023057244,1101002.131
-26.491164360750965,1102002.131
-24.201971310261882,1103002.131
-22.05642828830685,1104002.131
-28.28093168808774,1105002.131
-25.766697047411853,1106002.131
-27.792869536403817,1107002.131
-30.754526593417395,1108002.131
-21.4124947089994,1109002.131
-18.40789690400828,1110002.131
-24.64297412512336,1111002.131
-24.03165429181129,1112002.131
-24.530606585959823,1113002.131
-28.841964651456337,1114002.131
-28.232924280075217,1115002.131
-28.768912163327354,1116002.131
-35.34523815907035,1117002.131
-25.059976904585763,1118002.131
-19.415238253140807,1119002.131
-24.095132452327142,1120002.131
-22.621930416444233,1121002.131
-25.42840691859392,1122002.131
-27.220519236901417,1123002.131
-26.31938040194724,1124002.131
-27.19013833975762,1125002.131
-32.47824954574307,1126002.131
-19.05125107331677,1127002.131
-21.557158054115128,1128002.131
-25.618653028940624,1129002.131
-26.42981913881062,1130002.131
-28.391669629623504,1131002.131
-20.4817648225089,1132002.131
-25.528016836390528,1133002.131
-23.523946018540368,1134002.131
-22.579019388181294,1135002.131
-27.448702694112455,1136002.131
-28.23976625730026,1137002.131
-25.3250315513721,1138002.131
-21.788538385396837,1139002.131
-20.425906818825503,1140002.131
-24.16763968596839,1141002.131
-18.55477939881613,1142002.131
-21.424978921911165,1143002.131
-26.592491506935115,1144002.131
-24.477182186034334,1145002.131
-27.728097501435194,1146002.131
-21.35963608019924,1147002.131
-30.317688934674713,1148002.131
-25.2713696081438,1149002.131
-23.339007293517604,1150002.131
-23.8233495932405,1151002.131
-28.63894630258901,1152002.131
-23.58380765891049,1153002.131
-26.46322644783195,1154002.131
-29.8521864816638,1155002.131
-21.500263377078884,1156002.131
-25.959319814916235,1157002.131
-18.344134866121905,1158002.131
-25.03627732743219,1159002.131
-25.823518413309202,1160002.131
-23.897765095289625,1161002.131
-27.15382097825708,1162002.131
-26.19408788034111,1163002.131
-23.993788885879663,1164002.131
-24.375694893963733,1165002.131
-26.09727820109122,1166002.131
-26.615170082842383,1167002.131
-22.64346569104135,1168002.131
-23.089561024675636,1169002.131
-23.055580104681013,1170002.131
-23.985396721325305,1171002.131
-21.7755209387669,1172002.131
-23.567804172783866,1173002.131
-23.62796989225652,1174002.131
-23.66427038936549,1175002.131
-27.766902731898206,1176002.131
-23.737329704910316,1177002.131
-24.775168122293564,1178002.131
-29.811079497044656,1179002.131
-21.824437285274758,1180002.131
-18.177072515608653,1181002.131
-20.07133147961687,1182002.131
-21.7820272234442,1183002.131
-27.147782820462254,1184002.131
-24.82122278818678,1185002.131
-24.93276062439875,1186002.131
-28.9824801919536,1187002.131
-26.275595106262728,1188002.131
-21.37204449607818,1189002.131
-23.672357810469382,1190002.131
-25.12190015303367,1191002.131
-22.969339179637338,1192002.131
-27.799373385182477,1193002.131
-26.468806846120955,1194002.131
-27.251006771319407,1195002.131
-28.747115691066142,1196002.131
-32.959648942013324,1197002.131
-17.394659911802282,1198002.131
-22.71926242484888,1199002.131
-29.125306346566934,1200002.131
-20.781062164687754,1201002.131
-19.23376473139427,1202002.131
-19.779628449804807,1203002.131
-23.745485470427905,1204002.131
-22.195242965738807,1205002.131
-24.297089021395088,1206002.131
-29.552503687427517,1207002.131
-26.022720750706362,1208002.131
-22.14419939295737,1209002.131
-22.430478567477618,1210002.131
-26.76981908745619,1211002.131
-24.784359540757684,1212002.131
-28.01677901455089,1213002.131
-24.661088604343846,1214002.131
-25.901606050166464,1215002.131
-29.737573645343605,1216002.131
-27.117654834521954,1217002.131
-20.760784941049323,1218002.131
-20.755000132551743,1219002.131
-22.232866488245904,1220002.131
-21.7820272234442,1221002.131
-22.64346569104135,1222002.131
-25.21320495125016,1223002.131
-26.51919242520701,1224002.131
-23.40544636834028,1225002.131
-25.453202509620823,1226002.131
-23.24221679296826,1227002.131
-28.17158780962128,1228002.131
-28.124179327430294,1229002.131
-22.01621576445418,1230002.131
-25.782156955921742,1231002.131
-28.864000746924063,1232002.131
-24.858243151689607,1233002.131
-18.392463157729892,1234002.131
-23.52792398501157,1235002.131
-22.690309432580314,1236002.131
-21.801575370415534,1237002.131
-18.032162261672976,1238002.131
-20.554921435919834,1239002.131
-25.720481740780453,1240002.131
-26.08124764045718,1241002.131
-22.312064444935906,1242002.131
-26.10262830266972,1243002.131
-26.31938040194724,1244002.131
-24.6565564416331,1245002.131
-23.761820011467748,1246002.131
-25.39874534291136,1247002.131
-27.29386990198818,1248002.131
-24.904741601269503,1249002.131
-27.15382097825708,1250002.131
-26.36890413873344,1251002.131
-26.204911420231465,1252002.131
-16.78976770635097,1253002.131
-23.006730066642813,1254002.131
-21.163474977967844,1255002.131
-21.876920161797734,1256002.131
-25.725604648412336,1257002.131
-24.41526621360549,1258002.131
-23.319562714906642,1259002.131
-26.172481178557362,1260002.131
-22.86180704870788,1261002.131
-21.717182654728326,1262002.131
-25.912070978707142,1263002.131
-24.323212017440756,1264002.131
-22.991754391143253,1265002.131
-29.209081468611522,1266002.131
-31.128170852772485,1267002.131
-16.71317527958727,1268002.131
-23.811008758148088,1269002.131
-27.715200855208337,1270002.131
-23.02924210422453,1271002.131
-26.05991947838884,1272002.131
-21.601668566941132,1273002.131
-22.419965082670032,1274002.131
-26.028025110955525,1275002.131
-24.9749593615126,1276002.131
-22.45154379115277,1277002.131
-24.94212042017306,1278002.131
-23.35459435851359,1279002.131
-25.917308174909262,1280002.131
-23.055580104681013,1281002.131
-19.907192136937507,1282002.131
-26.804562692333306,1283002.131
-30.7636744506485,1284002.131
-18.62237421184374,1285002.131
-18.43884691255905,1286002.131
-21.387579985174256,1287002.131
-19.373211666569198,1288002.131
-21.42810278083283,1289002.131
-27.051738832755838,1290002.131
-23.939384195704008,1291002.131
-24.761399205849266,1292002.131
-27.85812821781927,1293002.131
-19.410283381564305,1294002.131
-20.746330137184007,1295002.131
-25.954057233938485,1296002.131
-30.08605148367841,1297002.131
-21.573028494558283,1298002.131
-15.500165800199037,1299002.131
-20.154579165482083,1300002.131
-18.276489108115463,1301002.131
-25.383952453207918,1302002.131
-22.657852261018636,1303002.131
-18.104315192506583,1304002.131
-22.969339179637338,1305002.131
-21.07302754869217,1306002.131
-26.017419627784374,1307002.131
-25.694912426942977,1308002.131
-27.46746947772866,1309002.131
-25.46811391180334,1310002.131
-30.378765256110782,1311002.131
-41.74630281861858,1312002.131
-41.74630281861858,1313002.131
-41.64961288170624,1314002.131
-22.458576900555713,1315002.131
-18.59978410902434,1316002.131
-20.122259538841476,1317002.131
-22.607603172555663,1318002.131
-27.638220531790004,1319002.131
-30.352537084279845,1320002.131
-20.060647727177553,1321002.131
-18.80986318390422,1322002.131
-21.1786415430891,1323002.131
-26.14017157042301,1324002.131
-24.297089021395088,1325002.131
-26.56987198988611,1326002.131
-30.01858792403588,1327002.131
-18.200742736133336,1328002.131
-21.273269988708556,1329002.131
-19.815884452038816,1330002.131
-22.586156520577987,1331002.131
-23.745485470427905,1332002.131
-23.889465152337888,1333002.131
-23.429017318051134,1334002.131
-29.15567662099777,1335002.131
-20.40088743627049,1336002.131
-21.73334846925527,1337002.131
-28.689257760976613,1338002.131
-23.456597848127394,1339002.131
-21.169538426478,1340002.131
-21.582564696399693,1341002.131
-23.68450307877971,1342002.131
-19.922941714485784,1343002.131
-21.9065817374803,1344002.131
-24.816606317369594,1345002.131
-25.75640570777418,1346002.131
-28.66047268197892,1347002.131
-25.92254853080762,1348002.131
-23.070666325821488,1349002.131
-18.8353248373184,1350002.131
-25.59842976104338,1351002.131
-23.852213245467937,1352002.131
-27.728097501435194,1353002.131
-18.015271853554108,1354002.131
-20.67441475999404,1355002.131
-25.09326532609483,1356002.131
-23.397603578066516,1357002.131
-23.484266234420513,1358002.131
-27.89752007507736,1359002.131
-37.20623000296671,1360002.131
-28.056898668502868,1361002.131
-22.6291029103597,1362002.131
-23.070666325821488,1363002.131
-22.09345403165016,1364002.131
-19.19985435510137,1365002.131
-22.91726088446747,1366002.131
-19.435086053009464,1367002.131
-20.591732107247665,1368002.131
-17.2660065911613,1369002.131
-19.631016683262462,1370002.131
-17.19278880928931,1371002.131
-20.501400299130776,1372002.131
-17.443894198698924,1373002.131
-18.185672407041945,1374002.131
-18.75916270244985,1375002.131
-17.435997934847773,1376002.131
-17.718768015185294,1377002.131
-16.865193675429307,1378002.131
-16.15759517723563,1379002.131
-15.955588639149115,1380002.131
-18.51223983624516,1381002.131
-17.587268397132902,1382002.131
-18.000519641475478,1383002.131
-18.1556099654295,1384002.131
-16.91708307870809,1385002.131
-15.200649442975632,1386002.131
-16.74956364297956,1387002.131
-15.790766053293394,1388002.131
-17.696373818784355,1389002.131
-15.538143880618653,1390002.131
-15.459209407558854,1391002.131
-14.804073504389628,1392002.131
-16.241451328947363,1393002.131
-17.86057321968095,1394002.131
-16.443255559081248,1395002.131
-14.527260397433784,1396002.131
-18.252611850540358,1397002.131
-19.270244791897614,1398002.131
-22.891338363642237,1399002.131
-19.9703625218341,1400002.131
-18.977892081533255,1401002.131
-21.808101208166583,1402002.131
-19.839272052329797,1403002.131
-20.36763997122426,1404002.131
-22.486766425138306,1405002.131
-22.01287310917411,1406002.131
-19.722958743434745,1407002.131
-20.40366381143815,1408002.131
-24.624897345158473,1409002.131
-20.631549614740884,1410002.131
-23.089561024675636,1411002.131
-20.448206932841334,1412002.131
-16.61927285541967,1413002.131
-14.422026621272703,1414002.131
-16.195144768440286,1415002.131
-15.632218685251368,1416002.131
-19.592992882696404,1417002.131
-19.30932647600058,1418002.131
-19.146832666583368,1419002.131
-17.18511745561064,1420002.131
-15.680446958175395,1421002.131
-15.495430194645259,1422002.131
-15.677223395459583,1423002.131
-14.711299435341473,1424002.131
-14.840584233382156,1425002.131
-18.177072515608653,1426002.131
-15.800567697709184,1427002.131
-18.269970616523924,1428002.131
-17.260203747405953,1429002.131
-18.814487027312893,1430002.131
-16.819124353267355,1431002.131
-20.66868717018012,1432002.131
-24.176209878709123,1433002.131
-31.588782784890164,1434002.131
-35.613002107417415,1435002.131
-41.68172341601461,1436002.131
-30.12848385745615,1437002.131
-22.472660226929378,1438002.131
-24.232123201421267,1439002.131
-26.413163544755864,1440002.131
-28.42656678238313,1441002.131
-26.86277932875527,1442002.131
-17.792464433480134,1443002.131
-17.430080444233024,1444002.131
-17.86679149196997,1445002.131
-17.647713245364372,1446002.131
-18.58400592187352,1447002.131
-20.611618044786304,1448002.131
-18.956709844577468,1449002.131
-18.427780673785993,1450002.131
-19.336297502899324,1451002.131
-18.127787700592616,1452002.131
-15.043434478814785,1453002.131
-16.272460091251567,1454002.131
-17.36721012486326,1455002.131
-18.042735470085162,1456002.131
-17.916698584338228,1457002.131
-19.048874957958482,1458002.131
-20.233185038050735,1459002.131
-20.254995192983102,1460002.131
-22.171385298211863,1461002.131
-27.12367207732447,1462002.131
-33.64605646093865,1463002.131
-29.680829414161877,1464002.131
-26.97447758759332,1465002.131
-25.39874534291136,1466002.131
-28.482695505249897,1467002.131
-27.374038426581556,1468002.131
-25.818337447072643,1469002.131
-25.543057341686477,1470002.131
-27.33694560307249,1471002.131
-24.04853649272959,1472002.131
-22.522132474152798,1473002.131
-24.848973257919603,1474002.131
-21.331781787045543,1475002.131
-21.3101789237276,1476002.131
-22.58258722131343,1477002.131
-21.257937434615847,1478002.131
-24.04853649272959,1479002.131
-24.137710427969576,1480002.131
-19.93345732065886,1481002.131
-24.227809374842373,1482002.131
-21.85063908384111,1483002.131
-20.353824333448998,1484002.131
-20.766573604801106,1485002.131
-23.142685897550443,1486002.131
-22.20890539818697,1487002.131
-19.66920767094335,1488002.131
-22.37106971634388,1489002.131
-20.57755568882723,1490002.131
-20.0900597257349,1491002.131
-18.425569116896114,1492002.131
-20.02601600968561,1493002.131
-20.290553915388344,1494002.131
-18.586258194578495,1495002.131
-19.044124676386396,1496002.131
-21.880210894793365,1497002.131
-19.93608821258813,1498002.131
-20.141098036533297,1499002.131
-19.738377486486126,1500002.131
-20.095418078550157,1501002.131
-13.634584890301692,1502002.131
-11.888802669253671,1503002.131
-13.374835790074222,1504002.131
-14.341511165563132,1505002.131
-13.218019982935342,1506002.131
-12.258063112914531,1507002.131
-15.269567204467814,1508002.131
-13.940521597352781,1509002.131
-13.81476982989967,1510002.131
-13.637132819225233,1511002.131
-13.635858761336912,1512002.131
-12.201717323856512,1513002.131
-12.216851422885398,1514002.131
-11.424281823324755,1515002.131
-9.144275320339013,1516002.131
-10.206246781017079,1517002.131
-10.81784380212276,1518002.131
-14.24532092848752,1519002.131
-13.768078359099674,1520002.131
-14.83619483399384,1521002.131
-16.24833260452064,1522002.131
-16.673323369836734,1523002.131
-15.3685351501618,1524002.131
-17.50732407173195,1525002.131
-15.083977213021102,1526002.131
-14.274066314805154,1527002.131
-15.978915423730019,1528002.131
-16.42567278053039,1529002.131
-15.93398400440105,1530002.131
-16.0023050233481,1531002.131
-17.86264548251747,1532002.131
-13.853872040166543,1533002.131
-13.19256059107376,1534002.131
-14.066781875132364,1535002.131
-16.003978121617372,1536002.131
-15.764682281024507,1537002.131
-14.334604995494232,1538002.131
-15.544489736344255,1539002.131
-15.674001028649089,1540002.131
-13.410761220951546,1541002.131
-15.674001028649089,1542002.131
-16.90037051198225,1543002.131
-15.557195373479924,1544002.131
-13.576187867738877,1545002.131
-14.503295418529522,1546002.131
-14.686821984605029,1547002.131
-12.882211077197137,1548002.131
-14.174548637670732,1549002.131
-14.87577951221661,1550002.131
-14.27680893864798,1551002.131
-13.164761852856508,1552002.131
-12.990345335330638,1553002.131
-16.38711549928989,1554002.131
-14.297406267811754,1555002.131
-14.181328662711003,1556002.131
-17.029329607029023,1557002.131
-16.669709519300696,1558002.131
-15.156523781026577,1559002.131
-15.114131347239857,1560002.131
-16.784274363928127,1561002.131
-12.452642213002832,1562002.131
-9.82010635656737,1563002.131
-12.157547123223338,1564002.131
-13.179254441821744,1565002.131
-12.704163181284752,1566002.131
-12.225511333511088,1567002.131
-14.820119320695056,1568002.131
-12.967902689660324,1569002.131
-13.012846118671417,1570002.131
-12.799670381866646,1571002.131
-13.981520924147118,1572002.131
-13.036594293788044,1573002.131
-11.679841285414255,1574002.131
-12.050747675672419,1575002.131
-9.201432071694356,1576002.131
-9.209846778946227,1577002.131
-10.959911335539541,1578002.131
-13.72292324257386,1579002.131
-13.30588025075251,1580002.131
-13.093856237563514,1581002.131
-16.474994533391126,1582002.131
-15.577881755941638,1583002.131
-18.181371396982257,1584002.131
-19.277559225709282,1585002.131
-16.904081637711876,1586002.131
-14.659546215868634,1587002.131
-13.79788005338722,1588002.131
-11.544610342939496,1589002.131
-12.06136872081835,1590002.131
-12.660785011714996,1591002.131
-11.874229025502384,1592002.131
-11.645329115702081,1593002.131
-11.379953398932896,1594002.131
-11.412438772330031,1595002.131
-10.885337882071129,1596002.131
-11.267686895493352,1597002.131
-11.4460361120231,1598002.131
-12.102915337822981,1599002.131
-11.918023519817396,1600002.131
-11.18947425422785,1601002.131
-11.291969521423429,1602002.131
-10.738997312965175,1603002.131
-10.29684695793655,1604002.131
-10.448214063056167,1605002.131
-10.992739638462297,1606002.131
-10.988981546618676,1607002.131
-10.930938093117796,1608002.131
-11.583751861124806,1609002.131
-11.571689519681904,1610002.131
-11.825481293155939,1611002.131
-11.681875689835797,1612002.131
-10.802201007085191,1613002.131
-12.312588650652431,1614002.131
-15.111111218684371,1615002.131
-15.106582993903006,1616002.131
-13.237467826801526,1617002.131
-12.78002296162753,1618002.131
-13.555967542266508,1619002.131
-13.549658331821263,1620002.131
-12.613091420214737,1621002.131
-13.327984887804114,1622002.131
-13.423183834107494,1623002.131
-13.358779395129394,1624002.131
-13.538313288956985,1625002.131
-13.852565793132266,1626002.131
-13.620584625563705,1627002.131
-12.157547123223338,1628002.131
-13.01877707802652,1629002.131
-12.973803029292196,1630002.131
-11.626102463344816,1631002.131
-12.091176926303792,1632002.131
-13.596455374996403,1633002.131
-11.854489539329157,1634002.131
-11.449006831873547,1635002.131
-12.56791113817522,1636002.131
-12.255889194835838,1637002.131
-13.110628995180043,1638002.131
-12.905604276465542,1639002.131
-11.888802669253671,1640002.131
-12.082649852713747,1641002.131
-14.76046225140813,1642002.131
-16.115121304638517,1643002.131
-9.86620729122652,1644002.131
-10.061535354744562,1645002.131
-12.273295793122372,1646002.131
-11.975709408366415,1647002.131
-11.417371414655832,1648002.131
-12.396128602712775,1649002.131
-13.671603213584325,1650002.131
-11.62711333208475,1651002.131
-12.346567188372203,1652002.131
-13.41945518428073,1653002.131
-13.009289485998476,1654002.131
-11.139632331855484,1655002.131
-11.228009763922467,1656002.131
-10.466768943455362,1657002.131
-9.615627582509545,1658002.131
-10.411222791896144,1659002.131
-11.942100119948858,1660002.131
-12.76272383294959,1661002.131
-12.102915337822981,1662002.131
-13.675441715365025,1663002.131
-14.511746098266723,1664002.131
-18.224477637504958,1665002.131
-16.658876980414135,1666002.131
-18.291717972997567,1667002.131
-14.979254574400475,1668002.131
-15.053927400526879,1669002.131
-16.099881412485864,1670002.131
-15.680446958175395,1671002.131
-13.552181466083903,1672002.131
-12.658507940096747,1673002.131
-12.664201738817889,1674002.131
-14.286414947600276,1675002.131
-13.935245430364082,1676002.131
-14.171838108818008,1677002.131
-15.208280023838928,1678002.131
-12.690441393852659,1679002.131
-13.297299172153728,1680002.131
-13.224092757871986,1681002.131
-14.756113145264658,1682002.131
-14.576809246221158,1683002.131
-16.839364757727413,1684002.131
-18.615591009907384,1685002.131
-16.381870924527714,1686002.131
-17.227393993062947,1687002.131
-18.283012495307606,1688002.131
-19.96772122954126,1689002.131
-22.01621576445418,1690002.131
-26.09727820109122,1691002.131
-31.948391963496753,1692002.131
-37.341798479575715,1693002.131
-41.15136076451451,1694002.131
-34.63092711373966,1695002.131
-27.20835412337495,1696002.131
-26.723709412413854,1697002.131
-27.72164678473464,1698002.131
-26.547311224895594,1699002.131
-25.533027444916016,1700002.131
-26.90376439129521,1701002.131
-23.737329704910316,1702002.131
-14.934757091641085,1703002.131
-16.808103980076503,1704002.131
-19.54255203456556,1705002.131
-23.636023568900335,1706002.131
-31.761591438413884,1707002.131
-32.20387772422533,1708002.131
-33.0069192063718,1709002.131
-19.415238253140807,1710002.131
-18.749976144599255,1711002.131
-23.476351983633272,1712002.131
-20.67441475999404,1713002.131
-24.711099098961597,1714002.131
-35.32974147407113,1715002.131
-37.24474842368748,1716002.131
-21.218198999897982,1717002.131
-19.738377486486126,1718002.131
-13.395877499523472,1719002.131
-18.987323015834438,1720002.131
-17.706545842008115,1721002.131
-18.63369133349436,1722002.131
-16.397614158470645,1723002.131
-17.289256811525455,1724002.131
-17.122085984270818,1725002.131
-17.897949804605652,1726002.131
-19.42267586424581,1727002.131
-23.199968296664007,1728002.131
-20.637252759816477,1729002.131
-25.927792050217132,1730002.131
-35.80710827756498,1731002.131
-35.85632024851811,1732002.131
-37.47951648911237,1733002.131
-36.64805793441736,1734002.131
-21.10006302157995,1735002.131
-18.71561282809995,1736002.131
-26.85694007499716,1737002.131
-14.889014595915544,1738002.131
-18.973180451562524,1739002.131
-24.3625444150883,1740002.131
-36.505077098624085,1741002.131
-37.619453295979724,1742002.131
-35.54925217252573,1743002.131
-19.05125107331677,1744002.131
-18.541323331619804,1745002.131
-23.436888537110917,1746002.131
-22.511507531374647,1747002.131
-22.25002211230626,1748002.131
-35.28341661952751,1749002.131
-34.308411514311665,1750002.131
-33.83951411578833,1751002.131
-34.226210052487346,1752002.131
-34.877249081569246,1753002.131
-34.01073507369288,1754002.131
-16.62646018693285,1755002.131
-18.300432184551735,1756002.131
-27.081638654494856,1757002.131
-15.88103118876425,1758002.131
-19.615787182625468,1759002.131
-21.297858510827776,1760002.131
-18.08090594496249,1761002.131
-18.928546978603084,1762002.131
-25.05523181316043,1763002.131
-35.581068653661504,1764002.131
-37.28343841923147,1765002.131
-38.82837334463998,1766002.131
-17.54121054588764,1767002.131
-20.065987960753745,1768002.131
-18.690499185681972,1769002.131
-15.441939671003244,1770002.131
-19.30932647600058,1771002.131
-30.29164426856982,1772002.131
-38.57725260575926,1773002.131
-39.15885466108119,1774002.131
-37.09168913911697,1775002.131
-16.49976083427079,1776002.131
-21.54131655850008,1777002.131
-13.119027535438835,1778002.131
-16.423916458688787,1779002.131
-20.660102860829053,1780002.131
-16.771470059731612,1781002.131
-14.808446697217462,1782002.131
-17.038749290891243,1783002.131
-19.73580579449456,1784002.131
-17.85228910876395,1785002.131
-20.20057214752874,1786002.131
-19.983581044607554,1787002.131
-21.462539584282865,1788002.131
-28.805361606820526,1789002.131
-38.465463551277026,1790002.131
-37.619453295979724,1791002.131
-37.09168913911697,1792002.131
-18.11924490212865,1793002.131
-21.064034392094406,1794002.131
-18.747681022472527,1795002.131
-23.346797329589602,1796002.131
-17.625501263942354,1797002.131
-25.548076636618447,1798002.131
-37.38092417473297,1799002.131
-20.268654402651407,1800002.131
-20.318006181091377,1801002.131
-24.371309188423417,1802002.131
-18.593018518934336,1803002.131
-17.517276965725827,1804002.131
-23.010478023394842,1805002.131
-31.70020680386035,1806002.131
-34.98074175694637,1807002.131
-34.280924498847256,1808002.131
-34.09091308582035,1809002.131
-34.60240199897902,1810002.131
-17.810986655104553,1811002.131
-19.93608821258813,1812002.131
-22.40247083780734,1813002.131
-14.681072595258541,1814002.131
-21.49396468961065,1815002.131
-25.088502019346407,1816002.131
-34.05073156633725,1817002.131
-35.161078123333866,1818002.131
-36.05600466665013,1819002.131
-34.475185718792,1820002.131
-20.041982723075215,1821002.131
-21.384470663631095,1822002.131
-22.40596686910351,1823002.131
-24.557442517620245,1824002.131
-19.865332346820633,1825002.131
-26.55858428246509,1826002.131
-16.130387983062032,1827002.131
-21.169538426478,1828002.131
-34.33598579028897,1829002.131
-34.57397025628313,1830002.131
-20.70310949913423,1831002.131
-19.34858480108374,1832002.131
-17.461687082294894,1833002.131
-20.27686025081777,1834002.131
-22.150987896341654,1835002.131
-18.14918152825086,1836002.131
-24.544014187754634,1837002.131
-22.579019388181294,1838002.131
-17.796577070696205,1839002.131
-30.422655645801623,1840002.131
-35.613002107417415,1841002.131
-19.920314800920302,1842002.131
-21.085032926744493,1843002.131
-32.01156234839335,1844002.131
-34.717068874037864,1845002.131
-34.76046225140812,1846002.131
-35.39189479571978,1847002.131
-17.35547243437694,1848002.131
-18.784475950202257,1849002.131
-19.425156483893705,1850002.131
-27.676625412211845,1851002.131
-33.22287786317275,1852002.131
-33.27160668459903,1853002.131
-33.11422737525142,1854002.131
-33.18650981434835,1855002.131
-16.5192697319094,1856002.131
-22.226013715000455,1857002.131
-13.51943775171039,1858002.131
-16.265559682040134,1859002.131
-18.87016599770511,1860002.131
-16.831999152335374,1861002.131
-16.0914263454909,1862002.131
-17.3359447965699,1863002.131
-18.483253398024374,1864002.131
-18.110710497474404,1865002.131
-20.32075618574885,1866002.131
-19.262936512427274,1867002.131
-22.458576900555713,1868002.131
-26.892034626328165,1869002.131
-31.79244720669951,1870002.131
-31.185630089687088,1871002.131
-32.83096674190513,1872002.131
-31.782149766681258,1873002.131
-16.976767330813757,1874002.131
-18.16848113049864,1875002.131
-22.65425338396775,1876002.131
-18.588511051454844,1877002.131
-29.11016093795526,1878002.131
-33.25939882645723,1879002.131
-32.45597802164835,1880002.131
-30.457928342551646,1881002.131
-17.396623934340454,1882002.131
-17.384846455060654,1883002.131
-16.422160491910734,1884002.131
-18.38585708087091,1885002.131
-18.28083748850068,1886002.131
-20.950919768738352,1887002.131
-27.41129033345151,1888002.131
-35.77445451866291,1889002.131
-32.66989927240235,1890002.131
-32.64713152768056,1891002.131
-16.86704154048001,1892002.131
-18.980248855292952,1893002.131
-22.322448056020782,1894002.131
-21.212101499024154,1895002.131
-21.257937434615847,1896002.131
-32.389504052013066,1897002.131
-31.619029674323002,1898002.131
-31.37013328523785,1899002.131
-31.4094805309534,1900002.131
-19.250769694864182,1901002.131
-21.484525214342106,1902002.131
-30.90206117459249,1903002.131
-31.844118326588827,1904002.131
-30.74538836044608,1905002.131
-31.679841285414255,1906002.131
-31.64938226073039,1907002.131
-17.89586910280194,1908002.131
-22.568324673547092,1909002.131
-14.387230125580988,1910002.131
-17.41038454092261,1911002.131
-20.329011427591293,1912002.131
-17.718768015185294,1913002.131
-16.88739404441737,1914002.131
-17.547204259504245,1915002.131
-19.537524023057244,1916002.131
-17.82335678248099,1917002.131
-19.3068787122425,1918002.131
-20.176192587864307,1919002.131
-21.66886495380239,1920002.131
-24.450592707194232,1921002.131
-31.761591438413884,1922002.131
-31.08057681786539,1923002.131
-31.83375948262035,1924002.131
-31.023806095257378,1925002.131
-18.272142903552393,1926002.131
-20.135711438135502,1927002.131
-21.390690420171886,1928002.131
-17.285377450300597,1929002.131
-22.398976213081838,1930002.131
-27.330778837007227,1931002.131
-31.518613646821983,1932002.131
-32.09651060141033,1933002.131
-17.659852855499874,1934002.131
-20.35106384092995,1935002.131
-18.02371295202025,1936002.131
-25.04101207251431,1937002.131
-17.72692569565163,1938002.131
-21.933032887387284,1939002.131
-20.775263840281465,1940002.131
-27.996788465708363,1941002.131
-32.09651060141033,1942002.131
-33.0069192063718,1943002.131
-33.53201688444925,1944002.131
-31.99045446525204,1945002.131
-32.81936234520502,1946002.131
-33.35754551635211,1947002.131
-20.225020328405456,1948002.131
-18.04485165711916,1949002.131
-18.75456820901394,1950002.131
-25.901606050166464,1951002.131
-18.25477980004321,1952002.131
-25.21803715701488,1953002.131
-35.790766053293396,1954002.131
-35.29883080216743,1955002.131
-21.7755209387669,1956002.131
-22.05307012486349,1957002.131
-22.430478567477618,1958002.131
-27.063686413233924,1959002.131
-36.922661087872115,1960002.131
-37.844012891236346,1961002.131
-37.844012891236346,1962002.131
-39.47741382026274,1963002.131
-40.708859840051346,1964002.131
-41.21210149902416,1965002.131
-41.3969146337224,1966002.131
-41.459403317905384,1967002.131
-30.7911759711585,1968002.131
-25.37902708327834,1969002.131
-28.71090934585994,1970002.131
-33.41945518428073,1971002.131
-26.792966042228766,1972002.131
-31.23380486452978,1973002.131
-30.582523158179047,1974002.131
-31.38978462764298,1975002.131
-39.27999873973685,1976002.131
-41.42810278083282,1977002.131
-41.522344822589105,1978002.131
-41.459403317905384,1979002.131
-41.490817057890006,1980002.131
-41.522344822589105,1981002.131
-16.376629514549858,1982002.131
-12.728228594449618,1983002.131
-12.28201219088151,1984002.131
-13.618041545575386,1985002.131
-12.232011937260738,1986002.131
-14.499073159852166,1987002.131
-12.500578323176072,1988002.131
-14.492040619885723,1989002.131
-12.97144241244438,1990002.131
-12.409392880634986,1991002.131
-10.511107424818896,1992002.131
-10.234619422732065,1993002.131
-10.595979225375379,1994002.131
-10.16343375250947,1995002.131
-10.091979551715902,1996002.131
-10.206246781017079,1997002.131
-9.064882522800106,1998002.131
-9.613222074170679,1999002.131
-11.312419520488085,2000002.131
-10.7783310913556,2001002.131
-9.79796624354348,2002002.131
-10.05478444435862,2003002.131
-10.05731542091134,2004002.131
-12.544285233783015,2005002.131
-12.06349448921811,2006002.131
-10.043825393524026,2007002.131
-10.238926404343626,2008002.131
-10.867720379033912,2009002.131
-9.798785242142745,2010002.131
-10.276920216198402,2011002.131
-15.199124130891974,2012002.131
-17.31646096238377,2013002.131
-12.905604276465542,2014002.131
-10.766420687580712,2015002.131
-11.523606972419733,2016002.131
-13.590116697317395,2017002.131
-11.240570705573656,2018002.131
-11.374059998522657,2019002.131
-14.115111524855878,2020002.131
-13.179254441821744,2021002.131
-11.998891464106826,2022002.131
-12.483826361111577,2023002.131
-14.082861897567634,2024002.131
-13.325526037217823,2025002.131
-13.213164818114647,2026002.131
-12.524085481334765,2027002.131
-13.138254747801577,2028002.131
-12.458202606021649,2029002.131
-12.350961213829802,2030002.131
-14.812822092980237,2031002.131
-13.746116553118632,2032002.131
-11.748254571056698,2033002.131
-12.963185302096674,2034002.131
-12.674459991665998,2035002.131
-12.435982359475087,2036002.131
-10.913227950895582,2037002.131
-10.102151376403004,2038002.131
-9.592402194137794,2039002.131
-9.255889238403821,2040002.131
-9.973344449457542,2041002.131
-9.16252459180867,2042002.131
-10.272594358427796,2043002.131
-9.556485300899975,2044002.131
-9.640523589455363,2045002.131
-9.950810781260577,2046002.131
-9.766085383707532,2047002.131
-9.475619369682152,2048002.131
-9.503282720544522,2049002.131
-9.820927445535045,2050002.131
-10.179677854209723,2051002.131
-9.456701007423861,2052002.131
-9.549319710251812,2053002.131
-9.93166143617622,2054002.131
-10.109788069782406,2055002.131
-9.92002594932162,2056002.131
-9.095797219714065,2057002.131
-8.39654679876191,2058002.131
-8.24661362828008,2059002.131
-8.726821547165635,2060002.131
-17.615423655620713,2061002.131
-40.17889805109691,2062002.131
-42.14419939295736,2063002.131
-42.246588275678,2064002.131
-42.280987883563476,2065002.131
-42.31552426957359,2066002.131
-42.280987883563476,2067002.131
-42.246588275678,2068002.131
-42.2123243667956,2069002.131
-42.280987883563476,2070002.131
-42.280987883563476,2071002.131
-42.246588275678,2072002.131
-42.14419939295736,2073002.131
-42.2123243667956,2074002.131
-42.2123243667956,2075002.131
-42.178195090515246,2076002.131
-42.280987883563476,2077002.131
-8.304345659904232,2078002.131
-6.230399954301831,2079002.131
-6.120843337266843,2080002.131
-6.1203070553762595,2081002.131
-6.119770806594607,2082002.131
-6.120843337266843,2083002.131
-6.119770806594607,2084002.131
-6.120843337266843,2085002.131
-6.118162258862351,2086002.131
-6.1203070553762595,2087002.131
-6.122988796000256,2088002.131
-6.120843337266843,2089002.131
-6.121379652270443,2090002.131
-6.1203070553762595,2091002.131
-6.121916000391153,2092002.131
-6.120843337266843,2093002.131
-6.1203070553762595,2094002.131
-6.1203070553762595,2095002.131
-6.12245238163306,2096002.131
-6.121916000391153,2097002.131
-6.121379652270443,2098002.131
-6.117090059177239,2099002.131
-6.1203070553762595,2100002.131
-6.121379652270443,2101002.131
-6.1176261424755465,2102002.131
-6.119234590917795,2103002.131
-6.118162258862351,2104002.131
-6.11280258348677,2105002.131
-6.119234590917795,2106002.131
-6.124061724126884,2107002.131
-6.121379652270443,2108002.131
-6.12245238163306,2109002.131
-6.118698408341739,2110002.131
-6.1203070553762595,2111002.131
-6.1165540089633454,2112002.131
-6.123525243496833,2113002.131
-6.120843337266843,2114002.131
-6.124061724126884,2115002.131
-6.118698408341739,2116002.131
-6.12245238163306,2117002.131
-6.121379652270443,2118002.131
-6.121379652270443,2119002.131
-6.119234590917795,2120002.131
-6.120843337266843,2121002.131
-6.120843337266843,2122002.131
-6.119234590917795,2123002.131
-6.120843337266843,2124002.131
-6.122988796000256,2125002.131
-6.1203070553762595,2126002.131
-6.121379652270443,2127002.131
-6.118698408341739,2128002.131
-6.118698408341739,2129002.131
-6.119234590917795,2130002.131
-6.124061724126884,2131002.131
-6.1176261424755465,2132002.131
-6.1203070553762595,2133002.131
-6.1203070553762595,2134002.131
-6.12245238163306,2135002.131
-6.121916000391153,2136002.131
-6.115482007772467,2137002.131
-6.125134784803777,2138002.131
-6.118698408341739,2139002.131
-6.120843337266843,2140002.131
-6.122988796000256,2141002.131
-6.125671364858808,2142002.131
-6.117090059177239,2143002.131
-6.121379652270443,2144002.131
-6.121916000391153,2145002.131
-6.1203070553762595,2146002.131
-6.1203070553762595,2147002.131
-6.12245238163306,2148002.131
-6.1203070553762595,2149002.131
-6.1203070553762595,2150002.131
-6.120843337266843,2151002.131
-6.121916000391153,2152002.131
-6.120843337266843,2153002.131
-6.12245238163306,2154002.131
-6.1203070553762595,2155002.131
-6.119770806594607,2156002.131
-6.121916000391153,2157002.131
-6.121916000391153,2158002.131
-6.12245238163306,2159002.131
-6.121916000391153,2160002.131
-6.12245238163306,2161002.131
-6.119234590917795,2162002.131
-6.128891541479255,2163002.131
-6.1165540089633454,2164002.131
-6.126207978063691,2165002.131
-6.1176261424755465,2166002.131
-6.1176261424755465,2167002.131
-6.1176261424755465,2168002.131
-6.124598237894499,2169002.131
-6.121379652270443,2170002.131
-6.121379652270443,2171002.131
-6.12245238163306,2172002.131
-6.1203070553762595,2173002.131
-6.12245238163306,2174002.131
-6.119234590917795,2175002.131
-6.12245238163306,2176002.131
-6.120843337266843,2177002.131
-6.120843337266843,2178002.131
-6.121379652270443,2179002.131
-6.120843337266843,2180002.131
-6.121379652270443,2181002.131
-6.120843337266843,2182002.131
-6.119770806594607,2183002.131
-6.121379652270443,2184002.131
-6.120843337266843,2185002.131
-6.121379652270443,2186002.131
-6.124061724126884,2187002.131
-6.122988796000256,2188002.131
-6.1203070553762595,2189002.131
-6.12245238163306,2190002.131
-6.1203070553762595,2191002.131
-6.120843337266843,2192002.131
-6.1165540089633454,2193002.131
-6.122988796000256,2194002.131
-6.121379652270443,2195002.131
-6.127281303939393,2196002.131
-6.113338402224059,2197002.131
-6.120843337266843,2198002.131
-6.118698408341739,2199002.131
-6.121916000391153,2200002.131
-6.126744624422519,2201002.131
-6.12245238163306,2202002.131
-6.124598237894499,2203002.131
-6.117090059177239,2204002.131
-6.121916000391153,2205002.131
-6.119770806594607,2206002.131
-6.116017991829783,2207002.131
-6.122988796000256,2208002.131
-6.119770806594607,2209002.131
-6.120843337266843,2210002.131
-6.1203070553762595,2211002.131
-6.125134784803777,2212002.131
